<?xml version="1.0" encoding="UTF-8"?>
<user_list>
<user><username>user1</username><password>123</password><ime>Bruno</ime><prezime>Novak</prezime></user><user><username>user1</username><password>123</password><ime>Bruno</ime><prezime>Novak</prezime></user><user><username>test</username><password>1234</password><ime>anica</ime><prezime>tutu</prezime></user><user><username>123</username><password>123</password><ime>Hrvoje</ime><prezime>123</prezime></user><user><username>123</username><password>123</password><ime>Bruno</ime><prezime>Novak</prezime></user><user><username>bruno</username><password>1234</password><ime>Bruno</ime><prezime>Novak</prezime></user></user_list>
